nonlinearity,depth,weight_var,bias_var,train_acc,valid_acc,test_acc,train_mse,valid_mse,test_mse,stability_eps,status
erf,50,0.1,0.0,0.0,0.0,0.002,0.10354190757602205,0.10204577622379603,0.10112012129744351,1e-07,success
erf,50,0.6444444444444445,0.0,0.0,0.0,0.002,0.10442635653979969,0.10284659890376761,0.10187438905177777,1e-06,success
erf,50,1.188888888888889,0.0,1.0,0.919,0.896,8.121851332697085e-12,0.025732088789911543,0.02982549870745204,1e-10,success
erf,50,1.7333333333333336,0.0,1.0,0.898,0.874,8.394062591268121e-22,0.03367124686979487,0.03796487139857033,1e-10,success
erf,50,2.277777777777778,0.0,1.0,0.836,0.806,4.641654870128976e-22,0.05531796458182191,0.058120242925232005,1e-10,success
erf,50,2.8222222222222224,0.0,1.0,0.799,0.764,3.1440106947002627e-22,0.07410154059915555,0.07535155735465565,1e-10,success
erf,50,3.366666666666667,0.0,1.0,0.781,0.745,2.1240557472833413e-22,0.08343320878122622,0.08394133205864361,1e-10,success
erf,50,3.911111111111112,0.0,1.0,0.777,0.732,1.4703252841868916e-22,0.08711984488947663,0.08733972817333328,1e-10,success
erf,50,4.455555555555556,0.0,1.0,0.779,0.729,1.0579889572032631e-22,0.08861625439535775,0.08872073617404845,1e-10,success
erf,50,5.0,0.0,1.0,0.78,0.727,7.90955766287907e-23,0.08927195822978078,0.08932643644342644,1e-10,success
erf,50,0.1,0.2222222222222222,0.104,0.093,0.107,0.08999999613954793,0.08999999386903816,0.08999999974505574,1e-10,success
erf,50,0.6444444444444445,0.2222222222222222,0.102,0.116,0.126,0.08999998673018153,0.08999999148887812,0.08999999184757942,1e-10,success
erf,50,1.188888888888889,0.2222222222222222,0.104,0.099,0.116,0.0899999694446185,0.08999995788896208,0.08999987611295192,1e-10,success
erf,50,1.7333333333333336,0.2222222222222222,1.0,0.943,0.93,5.896127852131177e-19,0.01707004937727938,0.020104926705377387,1e-10,success
erf,50,2.277777777777778,0.2222222222222222,1.0,0.861,0.835,4.605984276677065e-21,0.05110013845030626,0.05479501933114763,1e-10,success
erf,50,2.8222222222222224,0.2222222222222222,1.0,0.798,0.763,1.416186838292143e-21,0.08277665354857626,0.08348908919895119,1e-10,success
erf,50,3.366666666666667,0.2222222222222222,1.0,0.783,0.756,5.918415608393956e-22,0.08837750242373295,0.08853109666475313,1e-10,success
erf,50,3.911111111111112,0.2222222222222222,1.0,0.781,0.751,3.1268695041639413e-22,0.0894312757433359,0.08948278403237166,1e-10,success
erf,50,4.455555555555556,0.2222222222222222,1.0,0.779,0.752,1.9111726630556668e-22,0.08974498109321799,0.08976732486555507,1e-10,success
erf,50,5.0,0.2222222222222222,1.0,0.779,0.75,1.2825190136016312e-22,0.0898683064126202,0.08987960341473612,1e-10,success
erf,50,0.1,0.4444444444444444,0.104,0.093,0.107,0.09000001304381354,0.09000001156468296,0.09000006793050574,1e-10,success
erf,50,0.6444444444444445,0.4444444444444444,0.104,0.099,0.116,0.08999997031541179,0.08999995847441411,0.0899998766033917,1e-10,success
erf,50,1.188888888888889,0.4444444444444444,0.104,0.099,0.116,0.08999998303727395,0.08999997095945889,0.08999991214340332,1e-10,success
erf,50,1.7333333333333336,0.4444444444444444,0.966,0.921,0.903,0.020462920192928915,0.02525586564704115,0.029048862118160795,0.001,success
erf,50,2.277777777777778,0.4444444444444444,1.0,0.918,0.902,3.188902515231816e-20,0.026611753336995166,0.03083870748695477,1e-10,success
erf,50,2.8222222222222224,0.4444444444444444,1.0,0.826,0.794,3.614779166950476e-21,0.07164892107707925,0.07352014425768064,1e-10,success
erf,50,3.366666666666667,0.4444444444444444,1.0,0.791,0.758,1.1940753810530841e-21,0.08771781436016872,0.08794764883031958,1e-10,success
erf,50,3.911111111111112,0.4444444444444444,1.0,0.783,0.755,5.351399213434014e-22,0.0894641810605943,0.08951618174392982,1e-10,success
erf,50,4.455555555555556,0.4444444444444444,1.0,0.783,0.754,2.962544900852357e-22,0.08983465784998404,0.0898503542844179,1e-10,success
erf,50,5.0,0.4444444444444444,1.0,0.782,0.752,1.85642359944813e-22,0.08991817118030448,0.08992567105119281,1e-10,success
erf,50,0.1,0.6666666666666666,0.104,0.099,0.116,0.08999996944461848,0.08999995788896208,0.08999987611295189,1e-10,success
erf,50,0.6444444444444445,0.6666666666666666,0.104,0.099,0.116,0.08999996944461847,0.08999995788896209,0.08999987611295188,1e-10,success
erf,50,1.188888888888889,0.6666666666666666,0.09,0.087,0.089,0.09000007529783813,0.09000004395229771,0.09000016779367911,1e-10,success
erf,50,1.7333333333333336,0.6666666666666666,0.09,0.087,0.089,0.09000007529783813,0.09000004395229773,0.09000016779367911,1e-10,success
erf,50,2.277777777777778,0.6666666666666666,1.0,0.938,0.927,9.98974790858491e-19,0.018110580543343517,0.021303283900547535,1e-10,success
erf,50,2.8222222222222224,0.6666666666666666,1.0,0.861,0.834,8.18070210834938e-21,0.05189412533655663,0.05552922019245309,1e-10,success
erf,50,3.366666666666667,0.6666666666666666,1.0,0.8,0.765,2.2343159868159592e-21,0.08465282238851439,0.08520922641065605,1e-10,success
erf,50,3.911111111111112,0.6666666666666666,1.0,0.791,0.756,8.65257595949656e-22,0.08916157451506276,0.08924702341481598,1e-10,success
erf,50,4.455555555555556,0.6666666666666666,1.0,0.783,0.754,4.349753581306398e-22,0.0898074897038772,0.08982610110037167,1e-10,success
erf,50,5.0,0.6666666666666666,1.0,0.783,0.753,2.5593982988626014e-22,0.08992692051838018,0.08993377943630619,1e-10,success
erf,50,0.1,0.8888888888888888,0.104,0.099,0.116,0.08999996944461847,0.08999995788896209,0.08999987611295189,1e-10,success
erf,50,0.6444444444444445,0.8888888888888888,0.091,0.117,0.099,0.09000013070368008,0.0900000885217834,0.09000035694294241,1e-10,success
erf,50,1.188888888888889,0.8888888888888888,0.091,0.117,0.099,0.09000013559278362,0.09000008426545508,0.09000035596624238,1e-10,success
erf,50,1.7333333333333336,0.8888888888888888,0.091,0.117,0.099,0.09000012659225337,0.09000008929142525,0.09000034243146916,1e-10,success
erf,50,2.277777777777778,0.8888888888888888,1.0,0.947,0.934,0.00015754175590829283,0.01532886932864646,0.018101520577539974,9.999999999999999e-05,success
erf,50,2.8222222222222224,0.8888888888888888,1.0,0.903,0.886,2.181940651162025e-20,0.03349633673367267,0.038019691953897206,1e-10,success
erf,50,3.366666666666667,0.8888888888888888,1.0,0.811,0.783,3.991342438590281e-21,0.07870155178627952,0.07987153186191177,1e-10,success
erf,50,3.911111111111112,0.8888888888888888,1.0,0.795,0.76,1.337461124596546e-21,0.08847018410765208,0.08863103999903879,1e-10,success
erf,50,4.455555555555556,0.8888888888888888,1.0,0.784,0.755,6.141944027637451e-22,0.08975251279590353,0.08977722299813883,1e-10,success
erf,50,5.0,0.8888888888888888,1.0,0.783,0.755,3.417815778040993e-22,0.08992178678029746,0.08992931824046105,1e-10,success
erf,50,0.1,1.1111111111111112,0.09,0.087,0.089,0.09000007529783813,0.09000004395229771,0.09000016779367913,1e-10,success
erf,50,0.6444444444444445,1.1111111111111112,0.09,0.087,0.089,0.09000007529783813,0.09000004395229773,0.09000016779367913,1e-10,success
erf,50,1.188888888888889,1.1111111111111112,0.106,0.105,0.11,0.08999999916538147,0.08999998417624665,0.08999989217467891,1e-10,success
erf,50,1.7333333333333336,1.1111111111111112,0.102,0.116,0.126,0.08999982498910049,0.08999989191182962,0.08999952918664292,1e-10,success
erf,50,2.277777777777778,1.1111111111111112,0.297,0.301,0.417,0.35100452028932455,0.34091061414688234,0.1992920050412902,0.001,success
erf,50,2.8222222222222224,1.1111111111111112,1.0,0.926,0.907,1.0089919224882956e-19,0.023946796681679813,0.027936871995084163,1e-10,success
erf,50,3.366666666666667,1.1111111111111112,1.0,0.834,0.808,6.806689381942365e-21,0.06674433390768339,0.06909317127753037,1e-10,success
erf,50,3.911111111111112,1.1111111111111112,1.0,0.798,0.761,2.058929960043369e-21,0.08758886174973216,0.08784202471772036,1e-10,success
erf,50,4.455555555555556,1.1111111111111112,1.0,0.794,0.758,8.561639822839277e-22,0.08952161429204626,0.08957204363966792,1e-10,success
erf,50,5.0,1.1111111111111112,1.0,0.79,0.756,4.486934352804782e-22,0.08988152057802175,0.08989364211720402,1e-10,success
erf,50,0.1,1.3333333333333333,0.091,0.117,0.099,0.09000013408637264,0.09000008715186347,0.09000035005035073,1e-10,success
erf,50,0.6444444444444445,1.3333333333333333,0.09,0.087,0.089,0.09000007529783813,0.09000004395229773,0.09000016779367911,1e-10,success
erf,50,1.188888888888889,1.3333333333333333,0.102,0.116,0.126,0.08999980762279337,0.0899998783705503,0.08999948224718399,1e-10,success
erf,50,1.7333333333333336,1.3333333333333333,0.102,0.116,0.126,0.08999982498910049,0.08999989191182964,0.08999952918664292,1e-10,success
erf,50,2.277777777777778,1.3333333333333333,0.102,0.116,0.126,0.08999981071017832,0.0899998726475184,0.08999949441845277,1e-10,success
erf,50,2.8222222222222224,1.3333333333333333,1.0,0.937,0.926,1.0535873514765624e-18,0.018828014218765916,0.02214698249660581,1e-10,success
erf,50,3.366666666666667,1.3333333333333333,1.0,0.868,0.84,1.1128693729891518e-20,0.05002117661098571,0.05386208187186594,1e-10,success
erf,50,3.911111111111112,1.3333333333333333,1.0,0.806,0.769,3.0539949499328397e-21,0.0839481461028394,0.08460204951982499,1e-10,success
erf,50,4.455555555555556,1.3333333333333333,1.0,0.791,0.757,1.1726219002027214e-21,0.08934173806363191,0.08940923215045779,1e-10,success
erf,50,5.0,1.3333333333333333,1.0,0.794,0.758,5.794106033859615e-22,0.08983579166116087,0.08985318091517772,1e-10,success
erf,50,0.1,1.5555555555555554,0.091,0.117,0.099,0.09000013408637264,0.09000008715186349,0.09000035005035074,1e-10,success
erf,50,0.6444444444444445,1.5555555555555554,0.09,0.087,0.089,0.09000007529783811,0.09000004395229774,0.09000016779367911,1e-10,success
erf,50,1.188888888888889,1.5555555555555554,0.102,0.116,0.126,0.08999982498910049,0.08999989191182964,0.08999952918664293,1e-10,success
erf,50,1.7333333333333336,1.5555555555555554,0.102,0.116,0.126,0.08999980762279336,0.0899998783705503,0.08999948224718397,1e-10,success
erf,50,2.277777777777778,1.5555555555555554,0.102,0.116,0.126,0.08999982498910049,0.08999989191182962,0.08999952918664292,1e-10,success
erf,50,2.8222222222222224,1.5555555555555554,1.0,0.946,0.93,2.3351034308578927e-17,0.016370259030779995,0.01931506787511456,1e-10,success
erf,50,3.366666666666667,1.5555555555555554,1.0,0.895,0.876,2.1472084138291872e-20,0.03784574924456177,0.04230091609950128,1e-10,success
erf,50,3.911111111111112,1.5555555555555554,1.0,0.812,0.786,4.538021702396457e-21,0.0787718455831268,0.0799618838677838,1e-10,success
erf,50,4.455555555555556,1.5555555555555554,1.0,0.795,0.76,1.6024629917523416e-21,0.08870253528141542,0.08883892518867655,1e-10,success
erf,50,5.0,1.5555555555555554,1.0,0.794,0.758,7.43784287438964e-22,0.08975097349492989,0.08977756950879365,1e-10,success
erf,50,0.1,1.7777777777777777,0.091,0.117,0.099,0.09000013408637261,0.09000008715186349,0.09000035005035073,1e-10,success
erf,50,0.6444444444444445,1.7777777777777777,0.102,0.116,0.126,0.08999980762279336,0.0899998783705503,0.08999948224718397,1e-10,success
erf,50,1.188888888888889,1.7777777777777777,0.102,0.116,0.126,0.08999980762279336,0.0899998783705503,0.08999948224718397,1e-10,success
erf,50,1.7333333333333336,1.7777777777777777,0.104,0.093,0.107,0.08999992350461912,0.0899999720825941,0.0899998855988941,1e-10,success
erf,50,2.277777777777778,1.7777777777777777,0.102,0.116,0.126,0.08999980762279336,0.08999987837055029,0.08999948224718396,1e-10,success
erf,50,2.8222222222222224,1.7777777777777777,0.996,0.936,0.918,0.009496329699700759,0.019739859067530008,0.02311499557621012,0.001,success
erf,50,3.366666666666667,1.7777777777777777,1.0,0.917,0.897,5.1059383733097544e-20,0.029048063750013654,0.03347247944573975,1e-10,success
erf,50,3.911111111111112,1.7777777777777777,1.0,0.824,0.79,6.817536645118988e-21,0.07333008792955653,0.07504464230793895,1e-10,success
erf,50,4.455555555555556,1.7777777777777777,1.0,0.799,0.763,2.1625162403517003e-21,0.08764641456921195,0.0878978119688362,1e-10,success
erf,50,5.0,1.7777777777777777,1.0,0.791,0.758,9.456445553516512e-22,0.08961994409824359,0.08965965133430011,1e-10,success
erf,50,0.1,2.0,0.102,0.116,0.126,0.0899998128807747,0.08999988263186613,0.08999949973208549,1e-10,success
erf,50,0.6444444444444445,2.0,0.104,0.093,0.107,0.08999992046405676,0.08999997783856242,0.08999987361420725,1e-10,success
erf,50,1.188888888888889,2.0,0.102,0.116,0.126,0.08999980762279336,0.08999987837055029,0.08999948224718397,1e-10,success
erf,50,1.7333333333333336,2.0,0.102,0.116,0.126,0.08999980762279336,0.08999987837055029,0.08999948224718397,1e-10,success
erf,50,2.277777777777778,2.0,0.102,0.116,0.126,0.08999980762279335,0.08999987837055029,0.08999948224718396,1e-10,success
erf,50,2.8222222222222224,2.0,0.116,0.118,0.08,0.09006355542582316,0.09007634557631093,0.08999071890322997,0.001,success
erf,50,3.366666666666667,2.0,1.0,0.928,0.909,1.7003615995066154e-19,0.02372594396662104,0.027688653794734733,1e-10,success
erf,50,3.911111111111112,2.0,1.0,0.841,0.819,9.906553859832396e-21,0.06270242862186187,0.06542617842702325,1e-10,success
erf,50,4.455555555555556,2.0,1.0,0.8,0.764,2.9518560511017012e-21,0.0866110280639628,0.08696785454705779,1e-10,success
erf,50,5.0,2.0,1.0,0.791,0.757,1.2021198349406872e-21,0.08958366450487423,0.08962680874033839,1e-10,success
